Workbook

Sheet Sheet1
A1: TANGGAL | C1: 45945 | E1: SHIPMENT WEEK | G1: ASAP - AMEIDE
A2: NO PO | C2: 2025-10/PO/VDL-117SJ | E2: NO. ORDER CUST. | G2: 112682
B3: ART NO | D3: FIN | E3: QTY ORDER | F3: REST QTY | G3: FCL | H3: %
A4: 1 | B4: 306382 | C4: LOUNGE TABLE 120X65H35CM TEAKWOOD- FINISHING RUSTIC OUTDOOR | D4: FRO- FINISHING RUSTIC OUTDOOR | E4: 10 | F4: 5 | G4: 806 | H4: =F4/G4 -> 0.0062034739
A5: 2 | B5: 306383 | C5: RESTAURANT TABLE D70H74CM TEAKWOOD- FINISHING RUSTIC OUTDOOR | D5: FRO- FINISHING RUSTIC OUTDOOR | E5: 10 | F5: 5 | G5: 738 | H5: =F5/G5 -> 0.0067750678
A6: 4 | B6: 306384 | C6: DINING OUTDOOR TABLE 240X100H78CM TEAKWOOD- FINISHING RUSTIC OUTDOOR | D6: FRO- FINISHING RUSTIC OUTDOOR | E6: 10 | F6: 7 | G6: 164 | H6: =F6/G6 -> 0.042682927
A7: 5 | B7: 306385 | C7: DINING OUTDOOR TABLE 300X100H78CM TEAKWOOD- FINISHING RUSTIC OUTDOOR | D7: FRO- FINISHING RUSTIC OUTDOOR | E7: 10 | F7: 7 | G7: 102 | H7: =F7/G7 -> 0.068627451
B8: * | C8: SHIPMENT TO AMEIDE
B9: * | C9: STANDARD LABEL & PACKING
F10: =SUM(F4:F9) -> 24 | H10: =SUM(H4:H9) -> 0.12428892
A11: TANGGAL | C11: 46076 | E11: SHIPMENT WEEK | G11: ASAP - AMEIDE
A12: NO PO | C12: 2025-11/PO/VDL-141P / 028SJ | E12: NO. ORDER CUST. | G12: 112791
B13: ART NO | D13: FIN | E13: QTY ORDER | F13: REST QTY | G13: FCL | H13: %
C14: SHIPMENT: MAX WEEK 17
A15: 1 | B15: 304703 | C15: SLICE W/GRIP RECT 50X40H3.5CM- RUSTIC | D15: NATURAL | E15: 738 | F15: 738 | G15: 8211 | H15: =F15/G15 -> 0.08987943
B16: * | C16: SHIPMENT TO AMEIDE
B17: * | C17: WITH FOODSAFE STAMP
B18: * | C18: NO NEED 1XSHIPMENT
B19: * | C19: STANDARD LABEL & PACKING TYPE
F20: =SUM(F14:F19) -> 738 | H20: =SUM(H14:H19) -> 0.08987943
A21: TANGGAL | C21: 46108 | E21: SHIPMENT WEEK | G21: A S A P / MAX 6 WEEKS - 1XSHIPMENT
A22: NO PO | C22: 2026-03/PO/VDL-049D | E22: NO. ORDER CUST. | G22: 112989 REF 11436
B23: ART NO | D23: FIN | E23: QTY ORDER | F23: REST QTY | G23: FCL | H23: %
A24: 1 | B24: 306398 | C24: DRYPOT BOWL TINA D32H10CM- ANT GREY | D24: ANTGREY | E24: 120 | F24: 120 | G24: 6720 | H24: =F24/G24 -> 0.017857143
A25: 2 | B25: 306399 | C25: DRYPOT BOWL TINA D40H16CM- ANT GREY | D25: ANTGREY | E25: 80 | F25: 80 | G25: 3192 | H25: =F25/G25 -> 0.025062657
A26: 3 | B26: 306400 | C26: DRYPOT BOWL TINA D60H25CM- ANT GREY | D26: ANTGREY | E26: 25 | F26: 25 | G26: 880 | H26: =F26/G26 -> 0.028409091
A27: 4 | B27: 901325 | C27: DRYPOT ANTGREY D34H30CM | D27: ANTGREY | E27: 50 | F27: 50 | G27: 2205 | H27: =F27/G27 -> 0.022675737
A28: 5 | B28: 901326 | C28: DRYPOT ANTGREY D39H36CM | D28: ANTGREY | E28: 50 | F28: 50 | G28: 1800 | H28: =F28/G28 -> 0.027777778
A29: 6 | B29: 901328 | C29: DRYPOT ANT GREY D45H44CM | D29: ANTGREY | E29: 50 | F29: 50 | G29: 1170 | H29: =F29/G29 -> 0.042735043
A30: 7 | B30: 901329 | C30: DRYPOT ANT GREY D54H48CM | D30: ANTGREY | E30: 10 | F30: 10 | G30: 528 | H30: =F30/G30 -> 0.018939394
B31: * | C31: SHIPMENT TO AMEIDE - 1XSHIPMENT - VIA NGORO
B32: * | C32: STANDARD LABEL & PACKING
F33: =SUM(F24:F32) -> 385 | H33: =SUM(H24:H32) -> 0.18345684
A34: TANGGAL | C34: 46108 | E34: SHIPMENT WEEK | G34: A S A P / MAX 6 WEEKS - 1XSHIPMENT
A35: NO PO | C35: 2026-03/PO/VDL-049SJ | E35: NO. ORDER CUST. | G35: 112989 REF 11436
B36: ART NO | D36: FIN | E36: QTY ORDER | F36: REST QTY | G36: FCL | H36: %
A37: 1 | B37: 305381 | C37: FRAME ONLY - BANDA DINING CHAIR 58X56H80CM- TEAK/ PANDAN | D37: NATURAL | E37: 20 | F37: 20 | G37: 566 | H37: =F37/G37 -> 0.035335689
A38: 2 | B38: 306384 | C38: DINING OUTDOOR TABLE 240X100H78CM TEAKWOODFINISHING RUSTIC OUTDOOR | D38: FRO- FINISHING RUSTIC OUTDOOR | E38: 4 | F38: 4 | G38: 164 | H38: =F38/G38 -> 0.024390244
A39: 3 | B39: 306385 | C39: DINING OUTDOOR TABLE 300X100H78CM TEAKWOODFINISHING RUSTIC OUTDOOR | D39: FRO- FINISHING RUSTIC OUTDOOR | E39: 2 | F39: 2 | G39: 102 | H39: =F39/G39 -> 0.019607843
B40: * | C40: SHIPMENT TO AMEIDE - 1XSHIPMENT - VIA NGORO
B41: * | C41: STANDARD LABEL & PACKING
F42: =SUM(F37:F41) -> 26 | H42: =SUM(H37:H41) -> 0.079333776
A43: TANGGAL | C43: 46108 | E43: SHIPMENT WEEK | G43: A S A P / MAX 6 WEEKS - 1XSHIPMENT
A44: NO PO | C44: 2026-03/PO/VDL-049H2 | E44: NO. ORDER CUST. | G44: 112989 REF 11436
B45: ART NO | D45: FIN | E45: QTY ORDER | F45: REST QTY | G45: FCL | H45: %
A46: 1 | B46: 305535 | C46: STACKING CHAIR 58X54H83CM TEAK- SYNTHETIC SEAGRASS | D46: NATURAL TEAK | E46: 12 | F46: 12 | G46: 642 | H46: =F46/G46 -> 0.018691589
B47: * | C47: SHIPMENT TO AMEIDE - 1XSHIPMENT - VIA NGORO
B48: * | C48: STANDARD LABEL & PACKING
F49: =SUM(F46:F48) -> 12 | H49: =SUM(H46:H48) -> 0.018691589
A50: TANGGAL | C50: 46112 | E50: SHIPMENT WEEK | G50: ASAP - AMEIDE
A51: NO PO | C51: 2026-03/PO/VDL-053H2 | E51: NO. ORDER CUST. | G51: 112998
B52: ART NO | D52: FIN | E52: QTY ORDER | F52: REST QTY | G52: FCL | H52: %
A53: 1 | B53: 304810 | C53: PLATE WITH LEGS D30H7CM- NAT/BLACK | D53: NATURAL-BLACK | E53: 246 | F53: 246 | G53: 9840 | H53: =F53/G53 -> 0.025
B54: * | C54: SHIPMENT TO AMEIDE
B55: * | C55: TAKEN FROM STOCK ITEM 301112
B56: * | C56: STANDARD LABEL & PACKING
F57: =SUM(F53:F56) -> 246 | H57: =SUM(H53:H56) -> 0.025
A58: TANGGAL | C58: 46112 | E58: SHIPMENT WEEK | G58: ASAP - AMEIDE
A59: NO PO | C59: 2026-03/PO/VDL-053P | E59: NO. ORDER CUST. | G59: 112998
B60: ART NO | D60: FIN | E60: QTY ORDER | F60: REST QTY | G60: FCL | H60: %
A61: 1 | B61: 304810 | C61: PLATE WITH LEGS D30H7CM- NAT/BLACK | D61: NATURAL-BLACK | E61: 754 | F61: 754 | G61: 9840 | H61: =F61/G61 -> 0.076626016
B62: * | C62: SHIPMENT TO AMEIDE
B63: * | C63: STANDARD LABEL & PACKING
F64: =SUM(F61:F63) -> 754 | H64: =SUM(H61:H63) -> 0.076626016
A65: TANGGAL | C65: 46119 | E65: SHIPMENT WEEK | G65: A S A P - AMEIDE
A66: NO PO | C66: 2026-04/PO/VDL-055P | E66: NO. ORDER CUST. | G66: 113007
B67: ART NO | D67: FIN | E67: QTY ORDER | F67: REST QTY | G67: FCL | H67: %
A68: 1 | B68: 300940 | C68: STOOL TEAK NATURAL D15H17CM | D68: NATURAL | E68: 2000 | F68: 500 | G68: 19236 | H68: =F68/G68 -> 0.02599293
A69: 4 | B69: 301110 | C69: PLATE WITH 4 LEGS TEAK NATURAL D15H5CM | D69: NATURAL | E69: 1500 | F69: 1500 | G69: 54360 | H69: =F69/G69 -> 0.027593819
A70: 5 | B70: 301111 | C70: PLATE WITH 4 LEGS TEAK NATURAL D20H6CM | D70: NATURAL | E70: 1500 | F70: 1500 | G70: 29808 | H70: =F70/G70 -> 0.050322061
A71: 6 | B71: 301112 | C71: PLATE WITH 4 LEGS TEAK NATURAL D30H7CM | D71: NATURAL | E71: 1500 | F71: 1500 | G71: 12432 | H71: =F71/G71 -> 0.12065637
A72: 11 | B72: 304900 | C72: LOW TABLE D20H5CM TEAKWOOD- NEW LEG | D72: NATURAL | E72: 1000 | F72: 1000 | G72: 41112 | H72: =F72/G72 -> 0.024323798
A73: 12 | B73: 301131 | C73: PLATE WITH 4 LEGS TEAK NATURAL D40H8CM | D73: NATURAL | E73: 500 | F73: 500 | G73: 6432 | H73: =F73/G73 -> 0.077736318
B74: * | C74: SHIPMENT TO AMEIDE
B75: * | C75: STANDARD LABEL & PACKING
F76: =SUM(F68:F75) -> 6500 | H76: =SUM(H68:H75) -> 0.3266253
A77: TANGGAL | C77: 46119 | E77: SHIPMENT WEEK | G77: A S A P - AMEIDE
A78: NO PO | C78: 2026-04/PO/VDL-056SJ | E78: NO. ORDER CUST. | G78: 113025
B79: ART NO | D79: FIN | E79: QTY ORDER | F79: REST QTY | G79: FCL | H79: %
A80: 1 | B80: 306635 | C80: LANTERN WOODEN SLATS D20H10CM GLAS D7.5CM FINISHING RUSTIC OUTDOOR | D80: FROFINISHING RUSTIC OUTDOOR | E80: 1000 | F80: 789 | G80: 11448 | H80: =F80/G80 -> 0.068920335
A81: 2 | B81: 306636 | C81: SQUARE WOODEN LANTERN 20X20H25CM GLAS D7.5CM FINISHING RUSTIC OUTDOOR | D81: FROFINISHING RUSTIC OUTDOOR | E81: 1000 | F81: 770 | G81: 4860 | H81: =F81/G81 -> 0.15843621
B82: * | C82: SHIPMENT TO AMEIDE
B83: * | C83: STANDARD LABEL & PACKING
F84: =SUM(F80:F83) -> 1559 | H84: =SUM(H80:H83) -> 0.22735655
A85: TANGGAL | C85: 46136 | E85: SHIPMENT WEEK | G85: ASAP - AMEIDE
A86: NO PO | C86: 2026-04/PO/VDL-069D | E86: NO. ORDER CUST. | G86: 113048
B87: ART NO | D87: FIN | E87: QTY ORDER | F87: REST QTY | G87: FCL | H87: %
A88: 6 | B88: 302935 | C88: DRYPOT JUMBO CL D130H72CM | D88: CL-NATURAL | E88: 10 | F88: 5 | G88: 45 | H88: =F88/G88 -> 0.11111111
A89: 9 | B89: 306398 | C89: DRYPOT BOWL TINA D32H10CM- ANT GREY | D89: ANTGREY | E89: 1000 | F89: 592 | G89: 6720 | H89: =F89/G89 -> 0.088095238
A90: 12 | B90: 306403 | C90: DRYPOT SQUARE TINA LOW 44X44H15CM- ANT GREY | D90: ANTGREY | E90: 500 | F90: 216 | G90: 2688 | H90: =F90/G90 -> 0.080357143
C91: SHIPMENT TO AMEIDE
B92: * | C92: STANDAR PACKING & LABEL
F93: =SUM(F88:F92) -> 813 | H93: =SUM(H88:H92) -> 0.27956349
A94: TANGGAL | C94: 46136 | E94: SHIPMENT WEEK | G94: ASAP - AMEIDE
A95: NO PO | C95: 2026-04/PO/VDL-069S | E95: NO. ORDER CUST. | G95: 113048
B96: ART NO | D96: FIN | E96: QTY ORDER | F96: REST QTY | G96: FCL | H96: %
A97: 1 | B97: 302606 | C97: DRYPOT NATURAL ABACA D27H20CM | D97: NATURAL | E97: 500 | F97: 78 | G97: 4704 | H97: =F97/G97 -> 0.016581633
C98: SHIPMENT TO AMEIDE
B99: * | C99: STANDAR PACKING & LABEL
F100: =SUM(F97:F99) -> 78 | H100: =SUM(H97:H99) -> 0.016581633
...

Sheet Sheet2
A1: PO DATE | B1: PO NO | C1: SHIPMENT WEEK | D1: NO ORDER CUSTOMER | E1: ART NO | F1: DESKRIPSI | G1: FINISHING | H1: QTY ORDER | I1: REST QTY | J1: FCL | K1: %
A2: 45945 | B2: 2025-10/PO/VDL-117SJ | C2: ASAP | D2: 112682 | E2: 306382 | F2: LOUNGE TABLE 120X65H35CM TEAKWOOD- FINISHING RUSTIC OUTDOOR | G2: FRO- FINISHING RUSTIC OUTDOOR | H2: 10 | I2: 5 | J2: 806 | K2: 0.0062034739
A3: 45945 | B3: 2025-10/PO/VDL-117SJ | C3: ASAP | D3: 112682 | E3: 306383 | F3: RESTAURANT TABLE D70H74CM TEAKWOOD- FINISHING RUSTIC OUTDOOR | G3: FRO- FINISHING RUSTIC OUTDOOR | H3: 10 | I3: 5 | J3: 738 | K3: 0.0067750678
A4: 45945 | B4: 2025-10/PO/VDL-117SJ | C4: ASAP | D4: 112682 | E4: 306384 | F4: DINING OUTDOOR TABLE 240X100H78CM TEAKWOOD- FINISHING RUSTIC OUTDOOR | G4: FRO- FINISHING RUSTIC OUTDOOR | H4: 10 | I4: 7 | J4: 164 | K4: 0.042682927
A5: 45945 | B5: 2025-10/PO/VDL-117SJ | C5: ASAP | D5: 112682 | E5: 306385 | F5: DINING OUTDOOR TABLE 300X100H78CM TEAKWOOD- FINISHING RUSTIC OUTDOOR | G5: FRO- FINISHING RUSTIC OUTDOOR | H5: 10 | I5: 7 | J5: 102 | K5: 0.068627451
A6: 46076 | B6: 2025-11/PO/VDL-028SJ | C6: ASAP | D6: 112791 | E6: 304703 | F6: SLICE W/GRIP RECT 50X40H3.5CM- RUSTIC | G6: NATURAL | H6: 738 | I6: 738 | J6: 8211 | K6: 0.08987943
A7: 46108 | B7: 2026-03/PO/VDL-049 D/SJ/H2 | C7: ASAP | D7: 112989 REF 11436 | E7: 306398 | F7: DRYPOT BOWL TINA D32H10CM- ANT GREY | G7: ANTGREY | H7: 120 | I7: 120 | J7: 6720 | K7: 0.017857143
A8: 46108 | B8: 2026-03/PO/VDL-049 D/SJ/H2 | C8: ASAP | D8: 112989 REF 11436 | E8: 306399 | F8: DRYPOT BOWL TINA D40H16CM- ANT GREY | G8: ANTGREY | H8: 80 | I8: 80 | J8: 3192 | K8: 0.025062657
A9: 46108 | B9: 2026-03/PO/VDL-049 D/SJ/H2 | C9: ASAP | D9: 112989 REF 11436 | E9: 306400 | F9: DRYPOT BOWL TINA D60H25CM- ANT GREY | G9: ANTGREY | H9: 25 | I9: 25 | J9: 880 | K9: 0.028409091
A10: 46108 | B10: 2026-03/PO/VDL-049 D/SJ/H2 | C10: ASAP | D10: 112989 REF 11436 | E10: 901325 | F10: DRYPOT ANTGREY D34H30CM | G10: ANTGREY | H10: 50 | I10: 50 | J10: 2205 | K10: 0.022675737
A11: 46108 | B11: 2026-03/PO/VDL-049 D/SJ/H2 | C11: ASAP | D11: 112989 REF 11436 | E11: 901326 | F11: DRYPOT ANTGREY D39H36CM | G11: ANTGREY | H11: 50 | I11: 50 | J11: 1800 | K11: 0.027777778
A12: 46108 | B12: 2026-03/PO/VDL-049 D/SJ/H2 | C12: ASAP | D12: 112989 REF 11436 | E12: 901328 | F12: DRYPOT ANT GREY D45H44CM | G12: ANTGREY | H12: 50 | I12: 50 | J12: 1170 | K12: 0.042735043
A13: 46108 | B13: 2026-03/PO/VDL-049 D/SJ/H2 | C13: ASAP | D13: 112989 REF 11436 | E13: 901329 | F13: DRYPOT ANT GREY D54H48CM | G13: ANTGREY | H13: 10 | I13: 10 | J13: 528 | K13: 0.018939394
A14: 46108 | B14: 2026-03/PO/VDL-049 D/SJ/H2 | C14: ASAP | D14: 112989 REF 11436 | E14: 305381 | F14: FRAME ONLY - BANDA DINING CHAIR 58X56H80CM- TEAK/ PANDAN | G14: NATURAL | H14: 20 | I14: 20 | J14: 566 | K14: 0.035335689
A15: 46108 | B15: 2026-03/PO/VDL-049 D/SJ/H2 | C15: ASAP | D15: 112989 REF 11436 | E15: 306384 | F15: DINING OUTDOOR TABLE 240X100H78CM TEAKWOODFINISHING RUSTIC OUTDOOR | G15: FRO- FINISHING RUSTIC OUTDOOR | H15: 4 | I15: 4 | J15: 164 | K15: 0.024390244
A16: 46108 | B16: 2026-03/PO/VDL-049 D/SJ/H2 | C16: ASAP | D16: 112989 REF 11436 | E16: 306385 | F16: DINING OUTDOOR TABLE 300X100H78CM TEAKWOODFINISHING RUSTIC OUTDOOR | G16: FRO- FINISHING RUSTIC OUTDOOR | H16: 2 | I16: 2 | J16: 102 | K16: 0.019607843
A17: 46108 | B17: 2026-03/PO/VDL-049 D/SJ/H2 | C17: ASAP | D17: 112989 REF 11436 | E17: 305535 | F17: STACKING CHAIR 58X54H83CM TEAK- SYNTHETIC SEAGRASS | G17: NATURAL TEAK | H17: 12 | I17: 12 | J17: 642 | K17: 0.018691589
A18: 46112 | B18: 2026-03/PO/VDL-053P | C18: ASAP | D18: 119998 | E18: 304810 | F18: PLATE WITH LEGS D30H7CM- NAT/BLACK | G18: NATURAL-BLACK | H18: 1000 | I18: 1000 | J18: 9840 | K18: =I18/J18 -> 0.10162602
A19: 46119 | B19: 2026-04/PO/VDL-055P | C19: ASAP | D19: 113007 | E19: 300940 | F19: STOOL TEAK NATURAL D15H17CM | G19: NATURAL | H19: 2000 | I19: 500 | J19: 19236 | K19: =I19/J19 -> 0.02599293
A20: 46119 | B20: 2026-04/PO/VDL-055P | C20: ASAP | D20: 113007 | E20: 301110 | F20: PLATE WITH 4 LEGS TEAK NATURAL D15H5CM | G20: NATURAL | H20: 1500 | I20: 1500 | J20: 54360 | K20: =I20/J20 -> 0.027593819
A21: 46119 | B21: 2026-04/PO/VDL-055P | C21: ASAP | D21: 113007 | E21: 301111 | F21: PLATE WITH 4 LEGS TEAK NATURAL D20H6CM | G21: NATURAL | H21: 1500 | I21: 1500 | J21: 29808 | K21: =I21/J21 -> 0.050322061
A22: 46119 | B22: 2026-04/PO/VDL-055P | C22: ASAP | D22: 113007 | E22: 301112 | F22: PLATE WITH 4 LEGS TEAK NATURAL D30H7CM | G22: NATURAL | H22: 1500 | I22: 1500 | J22: 12432 | K22: =I22/J22 -> 0.12065637
A23: 46119 | B23: 2026-04/PO/VDL-055P | C23: ASAP | D23: 113007 | E23: 304900 | F23: LOW TABLE D20H5CM TEAKWOOD- NEW LEG | G23: NATURAL | H23: 1000 | I23: 1000 | J23: 41112 | K23: =I23/J23 -> 0.024323798
A24: 46119 | B24: 2026-04/PO/VDL-055P | C24: ASAP | D24: 113007 | E24: 301131 | F24: PLATE WITH 4 LEGS TEAK NATURAL D40H8CM | G24: NATURAL | H24: 500 | I24: 500 | J24: 6432 | K24: =I24/J24 -> 0.077736318
A25: 46119 | B25: 2026-04/PO/VDL-056SJ | C25: ASAP | D25: 113025 | E25: 306635 | F25: LANTERN WOODEN SLATS D20H10CM GLAS D7.5CM FINISHING RUSTIC OUTDOOR | G25: FROFINISHING RUSTIC OUTDOOR | H25: 1000 | I25: 789 | J25: 11448 | K25: 0.068920335
A26: 46119 | B26: 2026-04/PO/VDL-056SJ | C26: ASAP | D26: 113025 | E26: 306636 | F26: SQUARE WOODEN LANTERN 20X20H25CM GLAS D7.5CM FINISHING RUSTIC OUTDOOR | G26: FROFINISHING RUSTIC OUTDOOR | H26: 1000 | I26: 770 | J26: 4860 | K26: 0.15843621
A27: 46136 | B27: 2026-04/PO/VDL-069D | C27: ASAP | D27: 113048 | E27: 302935 | F27: DRYPOT JUMBO CL D130H72CM | G27: CL-NATURAL | H27: 10 | I27: 5 | J27: 45 | K27: 0.11111111
A28: 46136 | B28: 2026-04/PO/VDL-069D | C28: ASAP | D28: 113048 | E28: 306398 | F28: DRYPOT BOWL TINA D32H10CM- ANT GREY | G28: ANTGREY | H28: 1000 | I28: 592 | J28: 6720 | K28: 0.088095238
A29: 46136 | B29: 2026-04/PO/VDL-069D | C29: ASAP | D29: 113048 | E29: 306403 | F29: DRYPOT SQUARE TINA LOW 44X44H15CM- ANT GREY | G29: ANTGREY | H29: 500 | I29: 216 | J29: 2688 | K29: 0.080357143
A30: 46136 | B30: 2026-04/PO/VDL-069D | C30: ASAP | D30: 113048 | E30: 302606 | F30: DRYPOT NATURAL ABACA D27H20CM | G30: NATURAL | H30: 500 | I30: 78 | J30: 4704 | K30: 0.016581633
A31: 46147 | B31: 2026-05/PO/VDL-070 D/H2/SJ/P/S | C31: ASAP | D31: 113054 | E31: 306140 | F31: TROLLEY KUBUS 53X53H56CM W/WHEELS- ANT GREY | G31: ANTGREY | H31: 15 | I31: 15 | J31: 440 | K31: 0.034090909
A32: 46147 | B32: 2026-05/PO/VDL-070 D/H2/SJ/P/S | C32: ASAP | D32: 113054 | E32: 306398 | F32: DRYPOT BOWL TINA D32H10CM- ANT GREY | G32: ANTGREY | H32: 500 | I32: 500 | J32: 6720 | K32: 0.074404762
A33: 46147 | B33: 2026-05/PO/VDL-070 D/H2/SJ/P/S | C33: ASAP | D33: 113054 | E33: 306399 | F33: DRYPOT BOWL TINA D40H16CM- ANT GREY | G33: ANTGREY | H33: 500 | I33: 500 | J33: 3192 | K33: 0.1566416
A34: 46147 | B34: 2026-05/PO/VDL-070 D/H2/SJ/P/S | C34: ASAP | D34: 113054 | E34: 306400 | F34: DRYPOT BOWL TINA D60H25CM- ANT GREY | G34: ANTGREY | H34: 250 | I34: 250 | J34: 880 | K34: 0.28409091
A35: 46147 | B35: 2026-05/PO/VDL-070 D/H2/SJ/P/S | C35: ASAP | D35: 113054 | E35: 306403 | F35: DRYPOT SQUARE TINA LOW 44X44H15CM- ANT GREY | G35: ANTGREY | H35: 250 | I35: 250 | J35: 2688 | K35: 0.093005952
A36: 46147 | B36: 2026-05/PO/VDL-070 D/H2/SJ/P/S | C36: ASAP | D36: 113054 | E36: 306404 | F36: DRYPOT SQUARE TINA LOW 50X50H18CM- ANT GREY | G36: ANTGREY | H36: 250 | I36: 250 | J36: 1584 | K36: 0.15782828
... A69: 46176 | B69: 2026-06/PO/VDL-083 D/MI/F/H2/SJ/P | C69: ASAP | D69: 113106 | E69: 306536 | F69: CANDLE HOLDER RECT W/ 4 CANDLE HOLDERS 57X15H9-16CM- MAHOGANY WOOD | G69: VINTAGE LOOK | H69: 20 | I69: 20 | J69: 4160 | K69: 0.0048076923
A70: 46176 | B70: 2026-06/PO/VDL-083 D/MI/F/H2/SJ/P | C70: ASAP | D70: 113106 | E70: 304703 | F70: SLICE W/GRIP RECT 50X40H3.5CM- RUSTIC (SLICE FOR TIKIBAR) | G70: NATURAL | H70: 6 | I70: 6
A71: 46176 | B71: 2026-06/PO/VDL-083 D/MI/F/H2/SJ/P | C71: ASAP | D71: 113106 | E71: 300940 | F71: STOOL TEAK NATURAL D15H17CM | G71: NATURAL | H71: 2000 | I71: 2000 | J71: 19236 | K71: 0.10397172
A72: 46176 | B72: 2026-06/PO/VDL-083 D/MI/F/H2/SJ/P | C72: ASAP | D72: 113106 | E72: 301107 | F72: STOOL TEAK NATURAL D17H22CM | G72: NATURAL | H72: 1000 | I72: 1000 | J72: 11088 | K72: 0.09018759
A73: 46176 | B73: 2026-06/PO/VDL-083 D/MI/F/H2/SJ/P | C73: ASAP | D73: 113106 | E73: 301108 | F73: STOOL TEAK NATURAL D20H27CM | G73: NATURAL | H73: 2000 | I73: 2000 | J73: 6528 | K73: 0.30637255
A74: 46176 | B74: 2026-06/PO/VDL-083 D/MI/F/H2/SJ/P | C74: ASAP | D74: 113106 | E74: 301110 | F74: PLATE WITH 4 LEGS TEAK NATURAL D15H5CM | G74: NATURAL | H74: 1500 | I74: 1500 | J74: 54360 | K74: 0.027593819
A75: 46176 | B75: 2026-06/PO/VDL-083 D/MI/F/H2/SJ/P | C75: ASAP | D75: 113106 | E75: 301111 | F75: PLATE WITH 4 LEGS TEAK NATURAL D20H6CM | G75: NATURAL | H75: 2500 | I75: 2500 | J75: 29808 | K75: 0.083870102
A76: 46176 | B76: 2026-06/PO/VDL-083 D/MI/F/H2/SJ/P | C76: ASAP | D76: 113106 | E76: 301112 | F76: PLATE WITH 4 LEGS TEAK NATURAL D30H7CM | G76: NATURAL | H76: 2000 | I76: 2000 | J76: 12432 | K76: 0.16087516
A77: 46176 | B77: 2026-06/PO/VDL-083 D/MI/F/H2/SJ/P | C77: ASAP | D77: 113106 | E77: 302763 | F77: PLATE TEAK SQUARE 15X15H5CM | G77: NATURAL | H77: 2000 | I77: 2000 | J77: 24900 | K77: 0.080321285
A78: 46176 | B78: 2026-06/PO/VDL-083 D/MI/F/H2/SJ/P | C78: ASAP | D78: 113106 | E78: 302764 | F78: PLATE TEAK SQUARE 20X20H6CM | G78: NATURAL | H78: 1500 | I78: 1500 | J78: 17550 | K78: 0.085470085
A79: 46176 | B79: 2026-06/PO/VDL-083 D/MI/F/H2/SJ/P | C79: ASAP | D79: 113106 | E79: 304899 | F79: LOW TABLE D15H5CM TEAKWOOD- NEW LEG | G79: NATURAL | H79: 1000 | I79: 1000 | J79: 53280 | K79: 0.018768769
A80: 46176 | B80: 2026-06/PO/VDL-083 D/MI/F/H2/SJ/P | C80: ASAP | D80: 113106 | E80: 304900 | F80: LOW TABLE D20H5CM TEAKWOOD- NEW LEG | G80: NATURAL | H80: 500 | I80: 500 | J80: 41112 | K80: 0.012161899
A81: 46176 | B81: 2026-06/PO/VDL-084P | C81: ASAP | D81: 113108 | E81: 800659 | F81: STOOL TOP 3CM NAT D30H45CM- TEAK WOOD | G81: NATURAL | H81: 2500 | I81: 1034 | J81: 3366 | K81: 0.30718954
A82: 46176 | B82: 2026-06/PO/VDL-085D | C82: ASAP | D82: 113110 | E82: 305540 | F82: SEATER OF MAMASAN 180X110CM BLACK - W/O CUSHION | G82: BLACK | H82: 100 | I82: 100 | J82: 170 | K82: 0.58823529
... A90: 46184 | B90: 2026-06/PO/VDL-090D | C90: ASAP | D90: 113124 | E90: 305907 | F90: DRYPOT BIG RIM D60H54CM- ANT GREY | G90: ANTGREY | H90: 20 | I90: 20 | J90: 420 | K90: 0.047619048
A91: 46185 | B91: 2026-06/PO/VDL-092 B/D/N/IDR | C91: ASAP | D91: 113129 REF 1008583 | E91: 306127 | F91: HANGING LAMP D25H50CM AGEL- INCL WIRE | G91: NATURAL | H91: 50 | I91: 50 | J91: 1760 | K91: 0.028409091
A92: 46185 | B92: 2026-06/PO/VDL-092 B/D/N/IDR | C92: ASAP | D92: 113129 REF 1008583 | E92: 303761 | F92: STRIPE MIRROR GREY D70H5CM | G92: ANTGREY | H92: 20 | I92: 20 | J92: 1668 | K92: 0.011990408
A93: 46185 | B93: 2026-06/PO/VDL-092 B/D/N/IDR | C93: ASAP | D93: 113129 REF 1008583 | E93: 304955 | F93: HANGING LAMP AGEL - SET/2 A. D45H55CM B. D55H70CM | G93: NATURAL | H93: 10 | I93: 10 | J93: 440 | K93: 0.022727273
A94: 46196 | B94: 2026-06/PO/VDL-097Q | C94: ASAP | D94: 113007 | E94: 305245 | F94: IKAN WALL DECO 30-35X4-6H12-15CM- TEAK WOOD | G94: NATURAL | H94: 30 | I94: 30 | J94: 16956 | K94: 0.0017692852
A95: 46196 | B95: 2026-06/PO/VDL-097Q | C95: ASAP | D95: 113007 | E95: 305246 | F95: IKAN WALL DECO 40-45X4-6H14-16CM- TEAK WOOD | G95: NATURAL | H95: 12 | I95: 12 | J95: 12600 | K95: 0.00095238095
A96: 46196 | B96: 2026-06/PO/VDL-097Q | C96: ASAP | D96: 113007 | E96: 305247 | F96: IKAN WALL DECO 50-60X4-6H18-20CM- TEAK WOOD | G96: NATURAL | H96: 12 | I96: 12 | J96: 8208 | K96: 0.0014619883
A97: 46204 | B97: 2026-07/PO/VDL-099 H2/SJ | C97: ASAP | D97: 113142 | E97: 305029 | F97: DRYPOT D32H29- TWIG | G97: NATURAL | H97: 38 | I97: 38 | J97: 2205 | K97: 0.01723356
A98: 46204 | B98: 2026-07/PO/VDL-099 H2/SJ | C98: ASAP | D98: 113142 | E98: 305030 | F98: DRYPOT D39H36- TWIG | G98: NATURAL | H98: 287 | I98: 287 | J98: 1800 | K98: 0.15944444
A99: 46204 | B99: 2026-07/PO/VDL-099 H2/SJ | C99: ASAP | D99: 113142 | E99: 305031 | F99: DRYPOT D40H39- TWIG | G99: NATURAL | H99: 447 | I99: 447 | J99: 1450 | K99: 0.30827586
A100: 46204 | B100: 2026-07/PO/VDL-099 H2/SJ | C100: ASAP | D100: 113142 | E100: 305032 | F100: DRYPOT D44H43- TWIG | G100: NATURAL | H100: 320 | I100: 320 | J100: 1080 | K100: 0.2962963
A101: 46204 | B101: 2026-07/PO/VDL-099 H2/SJ | C101: ASAP | D101: 113142 | E101: 306209 | F101: BAR BALI SET KD - SET , A. BAR TABLE 100X40H185CM - 1 PC, BARCHAIR D30H65CM - 2 PCS | G101: NATURAL | H101: 50 | I101: 50 | J101: 162 | K101: 0.30864198
A102: 46212 | B102: 2026-07/PO/VDL-103 D/P/MI/Q | C102: WEEK 49 | D102: 113152 REF 12298 | E102: 302267 | F102: HANGING POT STRIPE GREY D15H14CM | G102: ANTGREY | H102: 180 | I102: 180 | J102: 17136 | K102: 0.010504202
A103: 46212 | B103: 2026-07/PO/VDL-103 D/P/MI/Q | C103: WEEK 50 | D103: 113152 REF 12298 | E103: 302269 | F103: HANGING POT STRIPE GREY D20H19CM | G103: ANTGREY | H103: 708 | I103: 708 | J103: 7800 | K103: 0.090769231
A104: 46212 | B104: 2026-07/PO/VDL-103 D/P/MI/Q | C104: WEEK 51 | D104: 113152 REF 12298 | E104: 304899 | F104: LOW TABLE D15H5CM TEAKWOOD- NEW LEG | G104: NATURAL | H104: 2112 | I104: 2112 | J104: 53280 | K104: 0.03963964
A105: 46212 | B105: 2026-07/PO/VDL-103 D/P/MI/Q | C105: WEEK 52 | D105: 113152 REF 12298 | E105: 304901 | F105: LOW TABLE D25H5CM TEAKWOOD- NEW LEG | G105: NATURAL | H105: 204 | I105: 204 | J105: 25344 | K105: 0.0080492424
A106: 46212 | B106: 2026-07/PO/VDL-103 D/P/MI/Q | C106: WEEK 53 | D106: 113152 REF 12298 | E106: 304902 | F106: LOW TABLE D30H5CM TEAKWOOD- NEW LEG | G106: NATURAL | H106: 252 | I106: 252 | J106: 17538 | K106: 0.014368799
A107: 46212 | B107: 2026-07/PO/VDL-103 D/P/MI/Q | C107: WEEK 54 | D107: 113152 REF 12298 | E107: 305650 | F107: STOOL RECT 43X21H38 RANTING- TEAK WOOD | G107: NATURAL | H107: 816 | I107: 816 | J107: 1800 | K107: 0.45333333
A108: 46212 | B108: 2026-07/PO/VDL-103 D/P/MI/Q | C108: WEEK 55 | D108: 113152 REF 12298 | E108: 305644 | F108: BENCH RANTING 98X33H40 FIXED- TEAKWOOD | G108: NATURAL | H108: 166 | I108: 166 | J108: 588 | K108: 0.28231293
A109: 46212 | B109: 2026-07/PO/VDL-103 D/P/MI/Q | C109: WEEK 56 | D109: 113152 REF 12298 | E109: 300940 | F109: STOOL TEAK NATURAL D15H17CM | G109: NATURAL | H109: 660 | I109: 660 | J109: 19236 | K109: 0.034310667
A110: 46212 | B110: 2026-07/PO/VDL-103 D/P/MI/Q | C110: WEEK 57 | D110: 113152 REF 12298 | E110: 301107 | F110: STOOL TEAK NATURAL D17H22CM | G110: NATURAL | H110: 680 | I110: 680 | J110: 11088 | K110: 0.061327561
A111: 46212 | B111: 2026-07/PO/VDL-103 D/P/MI/Q | C111: WEEK 58 | D111: 113152 REF 12298 | E111: 301108 | F111: STOOL TEAK NATURAL D20H27CM | G111: NATURAL | H111: 440 | I111: 440 | J111: 6528 | K111: 0.067401961
A112: 46212 | B112: 2026-07/PO/VDL-103 D/P/MI/Q | C112: WEEK 59 | D112: 113152 REF 12298 | E112: 800659 | F112: STOOL TOP 3CM NAT D30H45CM- TEAK WOOD | G112: NATURAL | H112: 224 | I112: 224 | J112: 3366 | K112: 0.066547831
A113: 46209 | B113: 2026-07/PO/VDL-106SJ | C113: ASAP | D113: 113156 | E113: 306747 | F113: BIRDHOUSE 52X52H162 KDTEAKWOOD | G113: NATURAL | H113: 10 | I113: 10 | J113: 222 | K113: 0.045045045
A114: 46209 | B114: 2026-07/PO/VDL-109D | C114: ASAP | D114: 113164 | E114: 306343 | F114: DRYPOT TINA D30H18CM- STRIPE | G114: ANTGREY | H114: 150 | I114: 150 | J114: 3700 | K114: 0.040540541
A115: 46209 | B115: 2026-07/PO/VDL-109D | C115: ASAP | D115: 113164 | E115: 306398 | F115: DRYPOT BOWL TINA D32H10CM- ANT GREY | G115: ANTGREY | H115: 1500 | I115: 1500 | J115: 6720 | K115: 0.22321429
A116: 46209 | B116: 2026-07/PO/VDL-109D | C116: ASAP | D116: 113164 | E116: 306399 | F116: DRYPOT BOWL TINA D40H16CM- ANT GREY | G116: ANTGREY | H116: 1000 | I116: 1000 | J116: 3192 | K116: 0.31328321
A117: 46209 | B117: 2026-07/PO/VDL-109D | C117: ASAP | D117: 113164 | E117: 306400 | F117: DRYPOT BOWL TINA D60H25CM- ANT GREY | G117: ANTGREY | H117: 500 | I117: 500 | J117: 880 | K117: 0.56818182
A118: 46209 | B118: 2026-07/PO/VDL-109D | C118: ASAP | D118: 113164 | E118: 306403 | F118: DRYPOT SQUARE TINA LOW 44X44H15CM- ANT GREY | G118: ANTGREY | H118: 500 | I118: 500 | J118: 2688 | K118: 0.1860119
A119: 46209 | B119: 2026-07/PO/VDL-109D | C119: ASAP | D119: 113164 | E119: 306404 | F119: DRYPOT SQUARE TINA LOW 50X50H18CM- ANT GREY | G119: ANTGREY | H119: 500 | I119: 500 | J119: 1584 | K119: 0.31565657
A120: 46209 | B120: 2026-07/PO/VDL-109D | C120: ASAP | D120: 113164 | E120: 300351 | F120: DRYPOT WOODEN LEGS BLACK D33H45CM | G120: ANTGREY | H120: 50 | I120: 50 | J120: 1904 | K120: 0.026260504
A121: 46209 | B121: 2026-07/PO/VDL-109D | C121: ASAP | D121: 113164 | E121: 301815 | F121: DRYPOT RATTAN STRIPE GREY D42H39CM | G121: ANTGREY | H121: 75 | I121: 75 | J121: 1140 | K121: 0.065789474
A122: 46209 | B122: 2026-07/PO/VDL-109D | C122: ASAP | D122: 113164 | E122: 301816 | F122: DRYPOT RATTAN STRIPE GREY D45H43CM | G122: ANTGREY | H122: 30 | I122: 30 | J122: 890 | K122: 0.033707865
A123: 46209 | B123: 2026-07/PO/VDL-109D | C123: ASAP | D123: 113164 | E123: 901325 | F123: DRYPOT ANTGREY D34H30CM | G123: ANTGREY | H123: 750 | I123: 750 | J123: 2205 | K123: 0.34013605
A124: 46209 | B124: 2026-07/PO/VDL-109D | C124: ASAP | D124: 113164 | E124: 901326 | F124: DRYPOT ANTGREY D39H36CM | G124: ANTGREY | H124: 300 | I124: 300 | J124: 1800 | K124: 0.16666667
... A127: 46209 | B127: 2026-07/PO/VDL-109D | C127: ASAP | D127: 113164 | E127: 901329 | F127: DRYPOT ANT GREY D54H48CM | G127: ANTGREY | H127: 500 | I127: 500 | J127: 528 | K127: 0.9469697
A128: 46209 | B128: 2026-07/PO/VDL-110SJ | C128: WEEK 47 | D128: 113266 REF 2329 | E128: 306209 | F128: BAR BALI SET KD - SET , A. BAR TABLE 100X40H185CM - 1 PC, BARCHAIR D30H65CM - 2 PCS | G128: NATURAL | H128: 20 | I128: 20 | J128: 162 | K128: 0.12345679
A129: 46209 | B129: 2026-07/PO/VDL-114 Q/SJ | C129: ASAP | D129: 113178 | E129: 800659 | F129: STOOL TOP 3CM NAT D30H45CM- TEAK WOOD | G129: NATURAL | H129: 5000 | I129: 5000 | J129: 3366 | K129: 1.4854427
A130: 46209 | B130: 2026-07/PO/VDL-114 Q/SJ | C130: ASAP | D130: 113178 | E130: 306209 | F130: BAR BALI SET KD - SET , A. BAR TABLE 100X40H185CM - 1 PC, BARCHAIR D30H65CM - 2 PCS | G130: NATURAL | H130: 150 | I130: 150 | J130: 162 | K130: 0.93
A131: 46216 | B131: 2026-07/PO/VDL-117 Q | C131: ASAP | D131: 113178 | E131: 306232 | F131: STOOL SHOJI 30X20H25CM- TEAK WOOD RUSTIC | G131: NATURAL | H131: 600 | I131: 600 | J131: 4180 | K131: 0.14354067
A132: 46216 | B132: 2026-07/PO/VDL-117 Q | C132: ASAP | D132: 113178 | E132: 306233 | F132: STOOL SHOJI 40X30H46CM- TEAK WOOD RUSTIC | G132: NATURAL | H132: 600 | I132: 600 | J132: 1218 | K132: 0.49261084
A133: =Sheet1!C439 -> 46218 | B133: =Sheet1!C440 -> 2026-07/PO/VDL-118D | C133: ASAP | D133: =Sheet1!G440 -> 113189 REF 8528 | E133: 302037 | F133: EGG CHAIR RATTAN BLOND 77X69H120CM - INCL CUSHION | G133: NATURAL | H133: 1 | I133: 1 | J133: 162 | K133: 0.0061728395
A134: =Sheet1!C446 -> 46218 | B134: =Sheet1!C447 -> 2026-07/PO/VDL-119AA | C134: ASAP | D134: =Sheet1!G447 -> 113190 | E134: 306754 | F134: SET MAJAPAHIT TABLE TEAKWOOD - NATURAL | G134: NATURAL | H134: 30 | I134: 30 | J134: 440 | K134: 0.068181818
A135: 46218 | B135: 2026-07/PO/VDL-121 D/Q/AA/S/H2/SJ/MI | C135: ASAP | D135: 113206 | E135: 300856 | F135: POT ROUND BALLOON STRIPE D15H14CM | G135: ANTGREY | H135: 500 | I135: 500 | J135: 22344 | K135: 0.022377372
A136: 46218 | B136: 2026-07/PO/VDL-121 D/Q/AA/S/H2/SJ/MI | C136: ASAP | D136: 113206 | E136: 301979 | F136: POT STRIPE WOODEN LEGS GREY D25H40CM | G136: ANTGREY | H136: 100 | I136: 100 | J136: 3000 | K136: 0.033333333
A137: 46218 | B137: 2026-07/PO/VDL-121 D/Q/AA/S/H2/SJ/MI | C137: ASAP | D137: 113206 | E137: 302213 | F137: POT STRIPE WOODEN LEGS GREY D20H47 | G137: ANTGREY | H137: 100 | I137: 100 | J137: 3850 | K137: 0.025974026
A138: 46218 | B138: 2026-07/PO/VDL-121 D/Q/AA/S/H2/SJ/MI | C138: ASAP | D138: 113206 | E138: 302214 | F138: POT STRIPE WOODEN LEGS GREY D25H64CM | G138: ANTGREY | H138: 100 | I138: 100 | J138: 1800 | K138: 0.055555556
A139: 46218 | B139: 2026-07/PO/VDL-121 D/Q/AA/S/H2/SJ/MI | C139: ASAP | D139: 113206 | E139: 302215 | F139: POT STRIPE WOODEN LEGS GREY D25H74CM | G139: ANTGREY | H139: 50 | I139: 50 | J139: 1600 | K139: 0.03125
A140: 46218 | B140: 2026-07/PO/VDL-121 D/Q/AA/S/H2/SJ/MI | C140: ASAP | D140: 113206 | E140: 302267 | F140: HANGING POT STRIPE GREY D15H14CM | G140: ANTGREY | H140: 1000 | I140: 1000 | J140: 18480 | K140: 0.054112554
A141: 46218 | B141: 2026-07/PO/VDL-121 D/Q/AA/S/H2/SJ/MI | C141: ASAP | D141: 113206 | E141: 302268 | F141: HANGING POT STRIPE GREY D18H16CM | G141: ANTGREY | H141: 1000 | I141: 1000 | J141: 13020 | K141: 0.076804916
...
